6.418451594916342595e-02;6.403908759261112138e-03
6.878861476922208951e-01;-5.566132635398208794e-01
-5.780673884313411448e-02;5.619499130732661385e-01
6.934077025461377053e-01;7.822391485946965650e-01
1.368328458243982526e+00;-3.597509426938723665e-01
8.249000750954346706e-02;3.585896532731018271e-01
1.597784143988886463e+00;-2.659710183650747517e-01
1.050393727329679727e+00;5.577148823742189565e-02
1.781852860440263919e+00;1.359888905982407081e-01
2.037959782208917048e+00;4.524137954458721245e-01
7.495149231074128560e-01;-4.759922559419566546e-01
-2.249676669549952601e-01;1.130272195852793038e+00
8.276871553604929765e-01;6.008886048684186632e-01
3.475986691326782285e-01;-1.380496355791152874e-01
7.612774316743959879e-01;-6.633465356793681877e-01
1.413602968742137811e-01;-8.538222887194918398e-02
1.401504970648710158e+00;-4.015708166723342964e-01
1.500045647362334700e+00;-5.165288970868968654e-01
9.792734091123368456e-01;3.980576847943183560e-01
9.879833345480142359e-01;1.845884178213930138e-02
2.519437419217784302e-01;-1.875512987266874654e-01
1.573607751891433981e+00;-5.002691366229017333e-02
5.110269292280623932e-02;1.950366985708290868e-01
9.904374231626750236e-01;5.593790003189699767e-02
-6.957090404954592300e-01;1.005694381735254606e+00
1.153098698531403343e+00;-5.014726147727202044e-01
-3.415672694266390641e-01;8.720657318144012793e-01
-3.864837278049984004e-01;9.111469160136798084e-01
3.716678837174481886e-01;-1.741606004887430448e-01
4.744957170476890029e-01;-4.934914034596420418e-01
1.821398997599089076e-01;1.573231235028447472e-01
3.770497423052624475e-01;1.019750632322233397e+00
1.392894007275582879e+00;-3.625309401556413014e-01
-2.461528045612357274e-02;1.109371783946681900e+00
-1.211519913462789089e-01;2.952481980103253689e-01
6.346360803248097815e-01;-3.217076714500154422e-01
1.629484192118346719e+00;-1.406801594548822976e-01
-9.169740499572788250e-01;4.198203053733014500e-01
6.602809788866292884e-01;-6.330356030966720615e-01
1.909685436431458827e+00;3.488481431241019504e-01
-3.853819714649217576e-01;9.135759499079484369e-01
-9.387867627073781529e-01;3.601606482240398699e-01
8.424053759060110558e-01;8.425568461697309219e-01
-6.189309811666616756e-01;6.049896609148669446e-01
9.694060015985569434e-01;-4.341304099638214065e-01
-2.846512369844247936e-01;1.083229113455403292e+00
1.973588121287186192e+00;1.341110055760042497e-01
-8.490789265104654593e-01;2.142571894825104351e-01
-7.630132327647234924e-02;9.620693027374942474e-01
6.865805121980289583e-03;9.725044884357986197e-01
3.473240943132724357e-01;1.011574563672703375e+00
9.764893328919287407e-01;7.233221290344803156e-02
-1.451142066313689249e-01;1.152165643677393270e+00
-6.623448322970443281e-01;6.457552886769778455e-01
2.721967714768537550e-02;1.084278504987129521e+00
-4.961380699727522825e-01;9.267540392022954876e-01
2.452050745943785137e-01;-1.820136988347400009e-01
1.031353376391660914e+00;3.896377508699222503e-01
6.453303988096710242e-01;8.417660732403088319e-01
-2.560476798815327637e-01;1.017721115303642954e+00
-2.587145279364507222e-01;9.318373195966267453e-01
4.277538057194541499e-01;-1.645273674007354803e-01
-1.002356016908239278e+00;1.910935723341047887e-01
3.142561253693401113e-01;9.075945454303712134e-01
8.860356929427997130e-01;-3.813960619992288748e-01
5.966787851901221573e-02;-4.768709176476140787e-02
8.834407384622294801e-01;-4.246661178579211327e-01
9.635064906989789790e-01;1.973982382800327784e-01
3.400290910066806199e-02;1.932540917005161896e-01
-5.941069297758236889e-01;9.082064556794362531e-01
-9.182176331509812606e-01;4.485059158754063913e-01
-2.060818095588320270e-02;3.703128175562151458e-01
5.169381490276978575e-01;9.130117109031269385e-01
1.065731835764790247e+00;1.253660796406365352e-01
1.739258795287827175e-01;3.386131575828089102e-01
2.002146537454999820e+00;2.671186046159406136e-01
1.697310328101351962e+00;-1.022188676261062551e-01
2.426618626261184686e-01;-1.097533079580234189e-01
-2.721433150893463049e-01;8.607108405271218787e-01
-1.107760812865360212e+00;3.320331202285429217e-01
-9.206996900678354745e-01;2.387170063684332377e-01
1.374639116956964502e+00;-4.226983980290719978e-01
1.436838904009432705e+00;-3.838304276371473089e-01
1.019759510758361909e+00;3.312324629138955756e-01
-6.295587781856973875e-01;8.467845368281154972e-01
1.671145056405128226e+00;-2.744989147841043753e-01
-3.611513151136508393e-01;7.213591212703230893e-01
-1.438177945826023818e-01;3.063379113686914845e-01
4.626439786147527045e-01;-5.825804781611365613e-01
-9.712967050026515281e-01;7.967857102944814196e-02
5.653187449549840204e-01;-4.389459599056849681e-01
1.054895250646077587e+00;2.414267016885572048e-01
-1.766023524675007506e-02;2.370923028026332424e-02
-1.367083373994534834e-03;2.117199040940174470e-01
1.492870100901937613e+00;-3.532077695024808950e-01
-6.622769103954714298e-01;7.520098129982917268e-01
-1.585372940801012820e-01;1.088471848818454824e+00
1.462406973245353292e+00;-5.347221011121559009e-01
-2.585743028523135867e-01;9.904112415176365980e-01
-4.912306778581218003e-01;9.410866312239775100e-01
8.993805770832117297e-01;4.864692296935312910e-01
5.097711014302385157e-01;-3.228265857845416531e-01
1.493181591218563531e+00;-2.844810396119820117e-01
2.469773552774927050e-01;-9.868262953348745647e-02
3.523253507448019795e-01;-2.664284656623308600e-01
9.643955223475764171e-01;5.320484200487354265e-01
1.611611230860008070e-01;-1.587161029478855942e-02
8.514746641027874929e-01;3.478477278823934871e-01
8.969671930943133864e-01;2.669949038744213188e-01
-4.923489541380601797e-01;1.004529160312003899e+00
1.011406075392909054e+00;2.460224635925648551e-01
7.275193717843799757e-01;4.771836961500249830e-01
1.879731987874029953e+00;8.310275493639064648e-02
5.170590671782481218e-01;-4.550646342261513433e-01
4.478809913110403107e-01;7.599930709795452710e-01
1.819013127500867633e+00;-3.906864573814106123e-02
9.861311844991134112e-01;5.784074267697960625e-01
5.591431817811627347e-01;9.276988336804108393e-01
9.546354656604289987e-03;4.599431148291228122e-01
1.596481238770023792e+00;-3.084868628212049657e-01
1.085699539244706191e+00;-4.759021952349510864e-01
2.022765548356586951e+00;3.621097672509737131e-01
-7.479200721481719105e-01;6.538310769598161265e-01
5.392996053629198761e-01;-5.017524902537545684e-01
1.978195833548537008e+00;2.215929004957568060e-01
-4.327155264545771152e-01;8.335168495961431390e-01
1.068026640079574374e+00;1.288674344238775471e-01
1.035486026484489397e+00;1.072809195704526042e-01
-6.434890004571973687e-01;8.053414759226661390e-01
-7.977090721814446006e-01;5.795892609157033970e-01
-7.910324880390126046e-01;5.990626310451516723e-01
6.437962228489788608e-01;5.860973790607542089e-01
-3.912359719837714689e-01;1.023593822060806291e+00
-7.370786876776682650e-01;6.848225309188769039e-01
-3.104875342547044892e-02;-1.181178317705998682e-01
3.512818558144680803e-01;1.060324144020108994e+00
2.511917932375127838e-01;1.050439358946752888e+00
-9.723705798119255950e-02;9.486164669670995586e-01
-7.067310632948869964e-01;5.249408991540451819e-01
1.020931837458173508e+00;2.900651045454785693e-01
-6.424472237647613770e-01;8.503761952733301932e-01
1.873983352255728319e+00;-7.922372970925056768e-02
1.551219039082522011e-01;2.928994366058600973e-01
8.767281061243185070e-01;-5.434662297189152280e-01
1.895782059764608896e+00;3.190065134202461072e-01
-7.465099185097801016e-01;5.178230500307362538e-01
-1.219359226338244007e+00;3.807693740458971132e-01
9.779117715924698917e-01;3.681818639795624848e-01
1.823035091354677117e+00;-3.895938930343399720e-02
1.869373838322176740e+00;4.649311934766357790e-02
6.494232011069386301e-01;-2.903130897661602150e-01
1.281813013060581818e+00;-5.206288609831741798e-01
-2.607112562833565628e-01;9.111794314299143105e-01
9.797229983631122741e-01;3.017394081816268669e-01
5.670554361809784227e-01;7.525634348485947811e-01
1.856956866144980678e+00;3.119175544367102648e-01
4.687250134788918943e-01;-5.187178866426853663e-01
1.255207396132965059e+00;-3.292121519350162950e-01
9.790324382605166686e-01;6.958501997653548932e-04
1.521924641816510659e+00;-3.695490857266873208e-01
1.863894897265470085e+00;1.069519867119594070e-01
8.111436900955528717e-01;2.713068989441368428e-01
1.550680033539419411e-01;1.026143122010788389e+00
1.990084796742130901e+00;3.666960153383722054e-01
2.978282282409354109e-01;-3.650200871036715089e-01
2.005845372972213880e+00;3.350408866025896271e-01
6.697203622501687326e-01;-4.496548338155828550e-01
2.043337378285067452e+00;3.803790913646398208e-01
4.317031329449159127e-01;-2.144955143146892729e-01
-1.081765202081690358e+00;4.792361532704163957e-02
6.172715444152890862e-01;-4.174781180976106509e-01
1.691811800768252411e-02;3.460946839632223493e-01
-2.335815443641008904e-01;1.023020714365131312e+00
-1.376144475654929311e-02;1.049981759840920903e+00
-1.095526622763282498e+00;2.643044033280238514e-01
1.665180295476305972e+00;-2.049509810810194455e-01
-4.880997965237026115e-01;8.348397375675807863e-01
-1.621369050186938499e-01;1.039165204540772658e+00
8.313541255859427936e-01;-4.542448181138236118e-01
8.058562845617697756e-02;1.004831960688328252e+00
8.208169057195924267e-01;6.793458571359516363e-01
9.967310042966247563e-01;-3.540733924329170224e-01
6.265014710334160242e-02;-2.251317161094437691e-02
2.020479738539824321e+00;3.405204233279098824e-01
-3.707570578349301815e-01;9.246454907515744281e-01
5.567636418014593191e-01;-4.150234147636475135e-01
6.845423469133807837e-01;6.681380579557245625e-01
7.939891090801582951e-01;6.417722003780428341e-01
1.038776172370244000e+00;2.778546460724405920e-01
8.795092600032934360e-01;-4.283411766134004317e-01
9.701731982185390901e-01;-5.584956286981804796e-01
3.017967023188534159e-01;-2.787464853225772865e-01
8.628755417507929515e-01;-6.416171202325626766e-01
1.678535516165435837e-01;1.100644571561474327e+00
-6.806501303395334768e-01;5.409065424740320260e-01
1.600311232519090687e+00;-2.322098747396008633e-01
2.068073402131720862e+00;5.755901533914482560e-01
-2.664150670963278955e-01;9.211896635721474880e-01
-9.170401390933221597e-01;3.170212095344807635e-01
1.564119214064087382e+00;-3.812719863147687183e-01
6.136861262721050592e-01;7.916343759001160940e-01
1.810154556086174038e+00;-9.017633234382654850e-02
5.890986830419184805e-01;-4.611027192236465955e-01
-7.288615890090869298e-01;6.344532368525785948e-01
1.018013657432726982e-01;-9.929125342375068330e-02
9.244550790926024664e-02;7.100198625545496578e-02
-2.131949340639809412e-02;3.473399521079186814e-01
1.494288007784715377e-01;1.000899854003438838e+00
9.958196928516721558e-01;-5.981702464977458611e-01
9.856495912510051527e-01;2.808161665785307570e-01
-4.724713832658781199e-01;7.597698031995619994e-01
-5.453932859376628972e-01;9.137836100701564046e-01
-2.927884333245744375e-01;8.362645547701733628e-01
-5.037530122358311324e-01;9.411682214734908847e-01
5.609727435033974308e-01;8.687435510489860402e-01
-1.842239772636869444e-01;1.032701428464616100e+00
1.521754807218613226e-01;-1.618300593388462549e-01
-7.615104093747007141e-01;2.582342509500029082e-01
1.085357453679760997e+00;2.621647554483860776e-01
7.775822053133432110e-01;6.266608817175898238e-01
-9.779401377908274462e-01;3.567902639994633418e-01
-5.012818174253851344e-01;7.245959300550394167e-01
1.795190753993448407e+00;-1.398646202078026313e-01
3.585863964514393598e-01;-6.994088350637867046e-02
-7.150697766712554859e-01;4.949767430291740489e-01
6.291431713170233912e-03;4.062781908745238257e-01
2.315080547746906636e-01;-3.097964143005371707e-01
2.104955253688700623e-01;-2.728210615795074734e-01
-1.087966904042704464e+00;1.854467279643399469e-01
9.121759754255763797e-01;2.648184302871092743e-01
4.464316114318546691e-01;-3.559245974783288857e-01
9.216240223687820476e-01;-3.849817150170236069e-01
-6.832749882216990756e-01;7.611609205296971936e-01
1.039454896432528530e+00;3.101363888239817013e-01
6.242997501343030553e-01;-2.539096239277321976e-01
1.759308346465766171e+00;2.981830156988368383e-02
-1.174992623095058031e-01;9.966342481990669855e-01
1.507349810380459898e+00;-4.044197763798607070e-01
8.588645632630568238e-01;-3.776705370197966927e-01
-8.291972301284170621e-01;9.428335593837608442e-02
-1.116945079316501221e+00;3.285595891700944238e-01
-8.405125076921095006e-01;4.367604377078096456e-01
4.066862013540341048e-01;-3.460773872050730282e-01
-7.074564779281465876e-01;8.796785985363417826e-01
1.991831344490102795e+00;3.986580453392830625e-01
6.324695541139619959e-01;7.163895901458822157e-01
-6.076107839476116990e-01;7.677169941115908891e-01
1.707494445105998127e+00;-4.666842725918173285e-01
3.681118400527456092e-01;7.509047587157990922e-01
3.995429478971176396e-01;-3.572530203611163357e-01
4.180912627263512205e-01;-2.489869611841843133e-01
1.210647227236409662e-01;1.633508743356249515e-01
-2.055692452299522632e-01;1.058186517601237053e+00
1.080083517719295116e+00;4.036507604261553861e-01
3.465096656831695432e-02;1.025347906038434509e+00
1.903576679312237452e-01;-2.225357865807009450e-02
-9.297487744820470690e-01;-1.168445655210080536e-02
2.921344268093135632e-01;-2.910892364203785387e-01
1.945480565914492921e+00;1.051408964934329587e-01
1.908281482869369050e+00;-1.629476954018384965e-02
5.690888997687242323e-01;-3.889151931396924722e-01
-2.848255016649304805e-01;9.536753403765200199e-01
1.979710764988977245e-01;-2.281942422737542053e-01
3.494930068500479714e-01;-3.472291422761698554e-01
1.980705186396463535e+00;1.242328095475766919e-01
3.332326577662110267e-01;1.485770984523285543e-01
1.675577488017502503e+00;-3.719215689725056118e-01
-7.289221065662843113e-01;5.868981731653476475e-01
5.869049332026236021e-01;-4.251026077219313137e-01
1.174666621703152058e+00;-4.015083217450923225e-01
1.393598105266955711e+00;-3.923963745991165264e-01
-8.017259768508522288e-01;8.951242440076265794e-01
1.565553133771864003e+00;-3.362150444375632818e-01
1.700559968818248002e+00;-2.901353800405843952e-02
1.689416645505950609e-01;1.193969990349864896e-02
7.704546993699592505e-01;7.775264559753212179e-01
1.475456103264391472e-01;5.161785924796991054e-02
6.438351618281158706e-02;1.034485365402370016e+00
9.293599286056172248e-01;2.036729677382852211e-01
1.821449813669841156e+00;4.891561693989608661e-02
2.021268921504529636e+00;7.595276758274044360e-02
4.590131818853327439e-01;8.329416916019567463e-01
-2.511839719470787546e-01;8.750116946098931425e-01
1.578769258985969648e+00;-9.946996293726985405e-02
8.501207545920669295e-01;-4.454569674039168814e-01
1.433717495149599008e+00;-2.693430794920460003e-01
4.830326972336270591e-02;9.484309514008673059e-01
-9.512219066086132768e-01;3.009691592376420033e-01
1.316823515247369791e-01;-8.531012086875172651e-02
1.932560109881120036e+00;1.806008878561125297e-01
-9.410992483648872309e-02;1.426455284769155007e-01
1.908276574359536182e-01;2.306557039453223934e-01
4.263737656852465974e-01;-3.819190682622750632e-01
-3.466621233324633233e-01;9.410714359390758288e-01
6.277583367061370656e-02;1.683745653259126340e-01
-1.004999257151737213e+00;-5.260080828851476653e-02
2.004501374981396467e+00;3.139250702555032579e-01
1.421559313557999804e+00;-4.585737190048554401e-01
2.867988686065532367e-01;1.074476766752207268e+00
1.118141783275587331e+00;3.120841490741637497e-02
-7.187649884556438495e-01;7.454466382712789940e-01
2.176475471400592110e-01;1.057707922387858712e+00
7.735875754104001301e-01;-4.952252326688046380e-01
1.111772601480575995e+00;-4.381605482058705814e-01
-8.104623133790642697e-01;8.658659064617548751e-01
1.504079727190022142e+00;-2.805002327057242173e-01
1.087323981325739597e+00;-5.458629969562949213e-01
1.088830950507112094e+00;-4.636466766892058389e-01
-7.827982760931779804e-01;2.386173898055156742e-02
6.894166877311653785e-01;-4.525945620546735770e-01
1.600047681436656433e+00;-2.688376936425113106e-01
1.723188925085387346e+00;-3.169445689635486674e-01
-5.156259258511765309e-02;4.571027223707955778e-01
-9.708147757109465426e-01;-8.335883835873655889e-02
1.882865885951400919e+00;2.326740313958970685e-01
1.991556282791210108e+00;3.814062864248167206e-01
1.132630180894204308e+00;2.712452025877822859e-01
-1.043744541742970489e+00;9.675922034189085585e-02
-1.010195532665475460e+00;1.543599027526734169e-01
6.224524224065427491e-01;-5.818846274491719095e-01
9.725621481396543588e-01;3.081267039110941464e-01
2.671429590548363153e-01;-9.668963029132775222e-02
1.066342611249602307e-02;2.450648563276077718e-01
1.493872851415978031e+00;-3.645414736979731285e-01
1.982455845820333851e+00;4.471644550580430311e-01
-2.838093392851843977e-02;9.653868761422481626e-01
1.139670235822768163e+00;-4.492073887516834230e-01
9.077887609612006470e-01;6.623176235927624722e-01
1.460629832489727997e+00;-4.360640696766511226e-01
1.244103894395297560e+00;-4.237743925436400771e-01
6.705164094662683372e-01;-4.412708785866945038e-01
8.139569018638987963e-01;1.500953498933214891e-01
-5.399818082047024292e-01;8.507147393242290301e-01
1.711873097770533425e+00;1.126909237507661005e-01
-8.424104473719907782e-01;4.409604478189442789e-01
8.100077222528812015e-01;-5.517768195805332621e-01
1.247354197103476281e-01;3.872163296142680511e-01
1.002986023964277162e+00;2.001190558584730050e-01
-9.449372573830473465e-01;7.231113570634590815e-01
1.871018536256603415e+00;5.699225881809311112e-02
8.985065630345073773e-01;4.457261739003463008e-01
1.920072359195989398e+00;2.499847018806159449e-01
5.988299695830661129e-01;7.558227781604085482e-01
1.984161721703080028e+00;2.892018617578674955e-01
-1.092708585187763370e+00;1.121227240012182408e-01
-9.682884143019290235e-01;4.222213040954306273e-01
6.769890164213325789e-01;7.486947262911538559e-01
-4.309641019404603091e-01;9.325559102882151619e-01
-8.835114380483900520e-01;2.593686836520875949e-01
-3.693664428690360824e-01;9.208169793094943545e-01
1.841144368778399709e+00;9.241717649502212417e-03
9.625701569862608054e-01;3.232723968024509009e-01
2.089919161662602276e-01;-1.895883079030128426e-01
5.778096198577199472e-01;-1.801902341940593288e-01
7.660676902920027231e-01;8.778691075768412233e-01
1.867884819234512328e+00;1.508585811670312693e-01
-1.798590734180741113e-02;-1.149129644888145230e-01
9.222602106638687625e-01;4.594851391835153565e-01
1.308697441421672103e+00;-4.427634258698303071e-01
-7.304083512184365024e-01;6.221888293661119729e-01
1.784426250397947111e+00;-2.676667447084929430e-01
-8.025104963124158886e-01;2.018569732857141974e-01
1.837808053266696717e+00;-3.891316751713343181e-02
4.684879568885639278e-01;8.739536778973117093e-01
-9.435189749263103165e-01;3.449219075262860978e-01
-8.403267694534163335e-01;3.440722369878635445e-01
1.775176523492309366e+00;-1.286330088690429418e-01
6.801775328577773505e-02;-1.644585679404660938e-01
1.050002575707930541e+00;-4.373230200035361226e-01
-5.178739383779826788e-01;7.823179292253102934e-01
9.091787169941245583e-01;3.650231091314178333e-01
1.195770673097544673e-01;5.960910721609397056e-01
5.349930894226841982e-01;9.006928589859763967e-01
2.630608071379237148e-02;3.603770603168821030e-01
9.324351066951411804e-01;4.944436596752532775e-01
-3.101120850148765262e-01;9.482020463299040136e-01
1.643587248598707973e+00;-5.202606455611261671e-01
1.810308926124689854e+00;1.524677694633002900e-01
5.853205263990103324e-01;9.788953391814344540e-01
1.383461144407541754e+00;-3.981820312051897459e-01
1.919502329700382592e+00;2.538471958798812489e-01
-8.335080360062055993e-01;4.799225938905823940e-02
8.057047110694786074e-01;-5.361216299173224842e-01
4.972858698121132015e-01;7.928637037115886521e-01
3.285978412296932105e-01;-3.726223086345228364e-01
8.024924161376438825e-01;3.423508308235805875e-01
-4.207183476214997886e-01;7.032516619865830654e-01
9.362460781254016151e-01;-5.587469635402264601e-01
5.494722270851535306e-01;-3.513509779923981169e-01
7.555817476047026471e-01;6.058001592959810777e-01
-3.261691547080234344e-01;8.612557021787380362e-01
5.164639567874919068e-01;1.013640489373103470e+00
1.899030683477713310e+00;-3.196974599796861827e-01
2.355211143026370024e-01;9.303689157560199874e-01
5.744709177124583954e-01;8.132977207893631322e-01
1.057526608080969766e+00;1.105592004273736328e-01
1.088607141585918203e+00;4.260083964514235211e-01
6.466636561715959353e-01;8.086062935798111750e-01
1.957605227627404298e+00;5.022861031794750852e-02
-7.971357952929792878e-01;5.890989977775060726e-01
6.060030567105306742e-01;-5.229412951236172002e-01
-6.565485277892492144e-01;7.377787735491885268e-01
1.033317334700917245e+00;-2.135823132731426433e-01
-3.512935981305624344e-01;1.043739963550454952e+00
1.780384323118109346e+00;-8.616800551326103674e-05
1.288526834688516649e-02;3.051729342873495954e-01
5.955471992717122909e-01;9.072646342070586067e-01
9.651289394320099468e-01;4.928527898939863983e-01
-8.163374399498486700e-02;3.562563232145390391e-01
9.972106050120030929e-01;-4.504574218856460810e-01
-5.044418567865651681e-01;8.625214647483889774e-01
2.288175202121226215e-01;-3.638174036739498241e-01
-5.358745934127899790e-01;6.995516599434208338e-01
-8.882984429078345512e-01;1.328979432945328332e-01
2.570502455024002986e-01;-2.392552000422375480e-01
7.219209822611205585e-01;-5.307918837448841742e-01
5.266749432468087466e-01;-3.917794743983400441e-01
5.522132663255028273e-01;-2.270593717919755505e-01
-2.034167721606471579e-01;8.349779478190242354e-01
2.127888720801035527e-02;2.968903406353827767e-01
-1.027667504723363878e+00;2.011804991859658109e-01
5.366246581014499917e-01;7.778920750023070596e-01
6.698891908732645950e-01;6.620039631617458120e-01
1.630120142983063181e+00;-2.027305815423594004e-01
1.089745192029907050e+00;-5.207485661971558155e-01
1.017487351305937260e+00;-3.691394048630734503e-01
-9.897101453810651650e-01;8.181378856002324840e-02
1.332241813040727918e-01;5.763936569597020304e-02
1.432484963057513383e+00;-4.429580647824318818e-01
6.788505941308580205e-01;-5.113939295525453677e-01
1.225217553439485130e+00;-5.847251960015422689e-01
1.397823383233326666e+00;-5.279523429033500248e-01
-8.788168567290478572e-01;7.530257820138990255e-01
8.328654654479785702e-01;-4.573335439170865269e-01
8.198747846233166159e-02;-1.343986589898975015e-01
3.762742943162109555e-01;-5.359613099472042563e-01
1.597856421166034213e+00;-2.107617127484602837e-01
4.641751476965753631e-01;9.440400983984800209e-01
4.656591104315879193e-01;8.869431106299979772e-01
1.046129530561278997e+00;-6.215574753061915425e-01
4.856577619929997036e-01;9.609821872660574416e-01
1.440510699739421252e-01;8.140737457671876065e-01
-4.385193629395919140e-02;9.887357359685016167e-01
-6.271787798268155800e-01;7.461584908709971709e-01
9.777053287605248499e-01;2.940846943400741154e-01
1.097352756660779249e+00;-6.561076249764326018e-01
1.015054261572317484e+00;5.022096390905240737e-01
-6.227786080013945902e-02;3.214752428289675001e-01
1.186830541533580030e+00;1.475670204956137932e-02
-8.386634848738452330e-01;5.695141840169759551e-01
7.287030720521319171e-01;4.594167297354257440e-01
9.180795740310230268e-01;-4.108813235544373499e-01
2.961235452095520859e-01;-1.389844181486230568e-01
-7.319428841323252222e-01;6.421731247681458088e-01
-2.787274498579725424e-01;1.038772303587241153e+00
7.829012630663320094e-01;-4.044056383144769562e-01
2.315874634076314775e-02;9.126889709852368249e-01
8.376832563912546270e-01;-4.154657927060607658e-01
1.451500012217910918e+00;-4.826676029616635555e-01
1.269967103395737595e+00;-4.374937790453926056e-01
-1.069342291881793638e+00;-9.878827772194148649e-03
-1.292145092418093000e-01;2.972480304348179003e-01
-1.170240403923948347e-01;8.677326969888747854e-01
-1.695237052718831794e-01;1.035237825052400584e+00
2.648303179565829613e-01;8.391368713101541310e-01
-4.362736234387897816e-01;8.870017757280415083e-01
1.543632137052201869e-01;8.678327951595953271e-01
-7.428152728035013475e-01;8.381066072103631193e-01
1.859862263046344388e+00;4.044532620668143952e-02
8.426071637877858844e-01;5.050405639635482391e-01
5.123962029964737042e-01;-4.948242669736143129e-01
-7.505110439250358700e-01;7.092042443581145772e-01
-9.374955072706571135e-01;5.458575406676167141e-01
-2.245104192912593111e-01;9.741520391583512462e-01
-7.281128985937334042e-01;9.419380301729991523e-01
8.018330080979765295e-01;5.020155333449806134e-01
-7.179313356509515742e-01;8.822952639796768359e-01
1.840187460527154428e+00;-2.038119968286053463e-01
4.370626695752818924e-01;9.589897642311071557e-01
-5.879956113777263793e-01;9.311706567950155389e-01
-2.080796945729878333e-01;1.048315099977507714e+00
2.970553212675814958e-01;1.025236837898082509e+00
-8.177359812813917994e-01;5.280456339282982858e-01
8.461301944467787273e-01;5.369475949673111481e-01
9.911619844020684855e-01;-5.104897979379925399e-01
-1.012740666279163815e+00;-9.598457406233140699e-02
1.269722330274889677e+00;-7.380750109306578599e-01
1.985438036649196603e+00;3.942197920632482533e-01
-9.571784645359717736e-01;4.567601991899656322e-01
2.191741705842907006e-01;-2.262655210599944511e-01
9.124360662200415861e-01;5.284294766184683967e-01
3.628931775982753849e-01;9.217926886822760402e-01
4.433953107410445460e-01;-2.191471628811857697e-01
8.628961309194259632e-01;2.188538229584832684e-02
7.984598375138090010e-01;-5.247264264594042604e-01
-1.217507371386167547e-01;1.124140645602027117e-01
-4.025495148878898144e-01;1.011437102151496958e+00
1.210273432066250932e+00;-4.755218751144431044e-01
-1.674522379825846286e-01;4.413648113950412455e-01
3.959793394030199920e-01;-2.192373452046462723e-01
9.646808941466470388e-01;4.968336447194978689e-01
6.930391359228603720e-01;7.559270059144187481e-01
6.495756330429208747e-01;-5.643973077243487069e-01
-1.457934853449922852e-01;1.121002201289087230e+00
6.904240136618748913e-01;3.865488461386591412e-01
7.888030008664633774e-01;5.118046678072850630e-01
5.214271532098421202e-01;6.973659591706128369e-01
1.058864267539884496e+00;-3.694138036742565800e-01
7.981653771188347291e-01;7.517262769823258584e-01
2.037552007292070311e+00;5.588378366447592782e-01
1.493477991028019591e+00;-2.534244785178408343e-01
3.914983050243260876e-01;9.075118982347364360e-01
8.917009577770097506e-01;-3.017532007734309296e-01
-5.810045176982684412e-01;8.523364725116437945e-01
5.911842833443453626e-02;8.513761287807691813e-02
6.682838233949627282e-01;6.392535016626716970e-01
1.459964457218803080e+00;-4.605720259474926914e-01
4.324369662363640732e-01;-2.529824284643735766e-01
1.828589602286691429e+00;-1.700816444281929851e-01
5.610196084777040459e-01;7.571525328640595909e-01
1.612772673676596380e+00;-3.984033437421567458e-01
1.958614297145125693e+00;2.007438668478434829e-01
1.531927366496578236e+00;-3.119969722701244619e-01
1.198794521882061426e-01;9.626351380543586300e-01
1.701295078519635906e+00;-3.811099889581042177e-01
7.650815544012178337e-01;6.240913409446916527e-01
2.093499634975079182e+00;3.909957260512267330e-01
-7.187666453319979665e-01;6.602941328595217652e-01
-1.352833366970749573e-01;9.427637539986030157e-01
5.374368863311918681e-02;3.897055604988822752e-01
1.697034711852943856e-01;-1.722500507250868951e-01
3.013378483943839337e-01;1.293022847716361445e+00
1.820164648851790856e+00;-1.163223300086970863e-01
2.972530334831635646e-01;-2.437292573067835477e-02
1.609786960693126767e+00;-3.096282823653335181e-01
-1.051317622383682426e+00;3.117789080638362353e-01
2.016869913029910144e+00;3.458880518389074732e-01
7.537245652464974466e-01;-4.629162186496486586e-01
1.498534175054971884e+00;-3.756396926163726446e-01
-7.817298651654916997e-01;6.273547727614166014e-01
2.123551745773899768e-01;9.482470688829860994e-02
-8.355780644099127796e-01;3.714434488047648197e-01
-9.576148754256572637e-01;3.598441963428503088e-01
4.598170127543363406e-02;1.013383411970517844e+00
1.036749252083849493e+00;2.491514952325708798e-02
-1.851831088981463480e-01;8.444477064383625331e-01
6.245349690141716037e-01;-5.177479879511637240e-01
7.508234883475197741e-01;5.474876328967205330e-01
1.339363193460820778e+00;-3.398355790397898368e-01
9.651438137455863320e-01;-5.286034071251100031e-01
1.959136630533877543e+00;-1.002661157059151764e-01
1.384034112821837248e-01;9.423355896158333023e-01
1.930153062083209470e+00;-3.266985263456017030e-01
-7.796605563328837807e-01;8.451461495335043095e-01
-7.316902796800517361e-01;4.821004464515435406e-01
-2.527012303269914398e-02;5.060741937097346099e-01
-1.027814979424239938e+00;5.688736882241667292e-01
2.785596942370428541e-01;-1.963492485202997240e-01
9.508546587843276221e-01;2.103728539128829622e-01
-4.882136010783237612e-02;3.292543834818897897e-01
5.163777333314263362e-01;-4.661327171639354505e-01
1.117183328222652872e+00;-4.317481099398585709e-01
4.830799295994451237e-01;9.300684346961710647e-01
-6.182616759815690033e-01;6.766442139274280176e-01
-8.464689962693995318e-01;7.267795640620581255e-01
4.601895494535537812e-01;9.750637944058098139e-01
1.273713342740736332e+00;-4.537743946778157733e-01
1.003872393947941033e+00;2.784098616058559572e-01
-7.099920493413601763e-01;6.334697782287556089e-01
1.473110985533944595e+00;-3.039842656531824283e-01
9.613936032529785125e-01;9.609132264352746033e-02
9.772867043781773289e-01;-4.179342315866231283e-01
1.628777691272927930e-01;-1.261575965350393014e-01
8.792440118379533098e-01;6.125664290479196916e-01
-1.013320824211057236e-01;1.101324648720299226e+00
1.487817174127439523e+00;-3.825821669990932539e-01
5.680452660592312242e-01;7.563977129697684321e-01
-6.978960888681592922e-02;2.696810654317342570e-01
7.287156462142116986e-01;5.601462604678366652e-01
3.082973768558000538e-02;9.668550868453303915e-01
-9.029868538547473067e-01;1.946543017418036203e-01
2.127264432337306221e+00;6.126710706146190066e-01
7.012253799837543655e-02;3.647103385012576138e-01
-1.017498956624468764e+00;4.432714580796746212e-02
1.929205877140936387e+00;3.997795072322914423e-01
6.626214036800706086e-01;-4.510182144147367733e-01
5.855246420122649509e-01;9.608959920447790459e-01
1.586360661687646223e+00;-2.662887923971963833e-01
2.032968038835172297e+00;4.077914143573646566e-01
9.268358197016853817e-01;-5.239811004544828732e-01
2.046150284694510102e+00;2.148516472370832209e-01
8.993361808728937978e-01;5.721076318210024381e-01
2.926014895359234091e-01;9.720610024137376071e-01
1.719365347584565495e-01;-9.940901095775733776e-02
1.684429134038122777e+00;-8.967016203233792171e-02
9.364295214955674629e-01;-5.765812911848028355e-01
-2.529457432112931503e-01;9.632886418766261061e-01
1.732085124492348527e+00;-1.876578495902558597e-01
7.495584865650820605e-01;-4.957034261648973206e-01
-8.192466323427396446e-01;5.280772980590934251e-01
-8.981868421703456118e-01;2.813378536322399537e-01
1.081178141435149787e+00;7.053915168079788467e-02
-1.064716980566216886e+00;1.960447666612449846e-01
1.594934119117303650e+00;-7.138308209435614837e-02
1.977901686887278965e-01;-3.290400450222235040e-01
-9.175666778394899747e-01;2.868162259167106320e-01
7.107781524925306238e-01;5.441120518395763384e-01
7.652583921971110037e-01;-3.793018534245166662e-01
1.810152254448392783e-01;8.952822331693054414e-01
1.866391545615569969e+00;1.123916938866404286e-01
5.415431236311240015e-01;9.259841921096000350e-01
9.923950994558093930e-01;3.273908642819966519e-01
1.942554573387134109e+00;8.756458912083733837e-02
8.423292006356172257e-01;-5.330651700471654708e-01
-2.807058365727147647e-02;4.231883292752186554e-01
-7.145009429409678869e-01;7.035628162450112688e-01
-5.566365539218726122e-02;9.525198620726399446e-01
8.436946251185175605e-01;3.642781015418888324e-01
4.020628833981503281e-01;-3.879345184819962822e-01
7.954467502606719087e-01;-4.514458420115946558e-01
-7.211523990695494213e-01;2.669380518386685330e-01
1.049415733319424504e+00;2.620532960309046588e-01
9.660232355387358139e-01;3.093545161012108136e-02
1.147715244207601515e+00;1.025955156855851008e-01
3.476931366833722614e-01;9.458068996536259654e-01
1.014864315735265199e-01;1.469307797643659708e-02
1.355702153649443575e+00;-5.004615582492082382e-01
1.397380513610124719e+00;-3.429203664270482066e-01
4.103114708083773626e-02;3.487165653877496996e-01
9.455832638291696846e-01;-6.800425020056763969e-01
1.357376786616316888e+00;-5.535225375361301214e-01
-9.827292694492216762e-01;1.952717880681784091e-01
1.978427138459246948e-01;9.231416289347548210e-01
1.690669616941649522e+00;-2.604962070273592056e-01
5.666066232536899339e-01;-3.610327327353407556e-01
1.143079573465838106e+00;-1.247789024460219526e-01
7.009156109970414439e-02;1.101150778660818563e+00
1.314443722512094848e+00;-3.234840409204203793e-01
-4.962170341930399187e-01;9.890443360122597172e-01
-7.654364727143667113e-02;9.257520141471921038e-01
1.018453443762474819e+00;3.109118118804665154e-01
-9.620047072935871135e-01;5.574345893025329374e-02
-4.562328548926850580e-01;9.587001506751845481e-01
5.719298312571652332e-01;8.751148068399640101e-01
1.645942187902989184e+00;-3.896963910668752584e-01
6.178960239630418849e-01;1.023975102753604371e+00
1.971794971626837478e+00;1.163518820410737592e-01
3.429680192599574573e-01;1.061480007368990952e+00
3.791013758103151110e-01;-1.327775333793108636e-01
6.594883547546950830e-02;5.413922338899437303e-01
-1.064592497598050302e+00;-1.301679373802658649e-02
1.034622171905145160e+00;-4.657753840177158433e-01
1.253568882819744990e-01;1.050401732280037193e+00
1.674458748761074256e+00;-3.739484377641825730e-01
7.883271049160853194e-02;-3.323291409450067069e-01
-7.700753542416545194e-01;8.080410481165173353e-01
1.310885016070723053e-01;1.128802987771526378e-01
1.877037072700334264e+00;-2.027721094433638793e-01
-7.812030245335865875e-01;3.878734665471978982e-01
4.632728120068045907e-01;-2.045037342220636933e-01
1.208781644635364971e+00;-5.518360559726562808e-01
2.714915637471355114e-01;6.473550674602907007e-01
9.808898631323833550e-01;1.394762689698466618e-01
1.904715776968985530e+00;-3.896739537318279212e-02
1.965981602796855299e+00;1.806785083282567983e-01
1.609454944299568480e+00;-5.088088486273848465e-01
8.934686924912547124e-01;-5.555854230518511017e-01
3.015983352773000115e-01;-3.112835916167171479e-01
-3.182300057443060437e-01;1.075422278416414912e+00
7.966236934250119361e-01;8.191661406870655027e-01
-1.509928097019381799e-01;9.621387189949512919e-01
1.925550458485704386e+00;1.655158028063469788e-01
9.812908396541377698e-01;-4.390629943866832807e-01
-7.500282515839242770e-01;5.831418154136009946e-01
1.471810794849183202e-01;1.076217600331933255e+00
-1.304834763339296488e-01;9.427980316855093523e-01
-7.154139755217687746e-01;7.630512031510021664e-01
7.810307572885403227e-01;3.931132685232062163e-01
1.855406472505234605e+00;7.370832507666187638e-02
1.091330730999265031e+00;3.183169341439684441e-02
2.018776130879315733e+00;-6.629814784145118822e-02
-6.260524743286818294e-01;7.137492325558214556e-01
-5.542804229978534614e-03;1.109641490999174085e+00
1.061551504542030289e+00;4.230444794241570716e-01
9.198244320143820207e-01;-2.768225289212750129e-03
7.980585674326445833e-01;3.509573731013654885e-01
3.190913403394803338e-01;-2.138666121829692623e-01
-1.027474012763345712e+00;1.774021636733305596e-03
2.015839757690377265e+00;2.236949149457128638e-01
6.196771145497741162e-02;1.648454088991751776e-01
1.068383895388875571e+00;2.901762369951951248e-01
8.807601272492596722e-01;1.608957014264933150e-01
9.294086212781131895e-01;5.634106541033118143e-01
4.417181095842262484e-01;9.225305989485937941e-01
9.341472326009806482e-01;1.801238131047895874e-01
-2.758656121392971672e-02;4.847051808482061297e-01
-2.688829560597193469e-01;9.443093569055750480e-01
1.081751078329196591e+00;-5.399501125332165641e-01
2.120286183060639207e+00;4.121365633532307893e-01
-2.944753168250205944e-01;1.061771038951992319e+00
1.742909196566583274e+00;-2.150044043626219425e-01
4.860195506105827734e-01;8.583784794602026258e-01
1.402063273902968810e+00;-4.342116601343273818e-01
4.104666912946265400e-01;8.888968565243480224e-01
9.990526783731126445e-03;4.087435768966983241e-01
7.179257574857840218e-01;8.094234557302094624e-01
9.265895470342506712e-01;-3.128581313984508672e-01
1.003905521031070780e+00;-4.651534945691078171e-01
4.568631192004368735e-01;-3.158932027624656302e-01
1.360533835892407062e+00;-6.248107832590753530e-01
8.207044242176427806e-01;5.907340137052290441e-01
2.102270958721274674e+00;3.825390753271156741e-01
-8.479044569439816992e-02;1.054776306780173645e+00
-8.703504540213238272e-01;3.434109031716635618e-01
7.043864498269878371e-01;-3.654552314802020363e-01
-2.647279981249137659e-01;1.053491376163383508e+00
6.653531415334733579e-01;-5.170112930439918486e-01
-1.037616613875680160e+00;6.803605002775001687e-01
6.989022844330936568e-01;5.393089366188080769e-01
3.860410186221541751e-01;-2.477487412646943998e-01
8.819304659765373477e-01;7.123685041779942440e-01
2.168871718875688082e+00;2.015175952688507133e-01
5.870965301971505790e-01;7.619348618164578646e-01
2.537903559777496820e-01;2.142114691516485148e-01
-6.519399106872256766e-01;7.929477310595152151e-01
7.132068426957939300e-01;8.243006872661893247e-01
3.324966118985422936e-01;1.067003282640360817e+00
-1.027260026573977969e+00;2.644055999512512356e-01
7.642367856637236612e-01;8.151801103535980531e-01
5.770217651447279161e-01;6.345676656579406494e-01
7.999464668295960257e-01;6.872248987708378110e-01
1.390932271779070861e+00;-5.080994445941011683e-01
1.616046736031461761e-01;7.952995303463874510e-01
5.440242927157077357e-01;9.171367466213251607e-01
8.651800671914304797e-01;3.117247815795465282e-01
6.601560375355062238e-01;-4.531934810237108202e-01
5.080512372628267492e-01;9.263368384926226051e-01
1.470899279077426458e+00;-4.614408074006449145e-01
5.146915670841569757e-01;9.008912859571933662e-01
-9.447953808849409718e-01;4.418150852452051858e-01
5.101650379835261928e-01;-4.723453255871548628e-01
9.999852542300189384e-01;-5.056839013455061149e-01
4.891806712883323693e-01;7.908598516089495600e-01
8.541667572969798838e-01;-4.346314214581414870e-01
1.666383245199407392e+00;-1.466660707092597438e-01
-8.087125348130833613e-01;5.982962099587123550e-01
2.000660878628818029e+00;-9.629491147583277288e-02
1.600088818832236637e+00;-2.156711874110378013e-01
1.075290625823440482e+00;3.485107176771763959e-01
-1.100502593199858881e+00;-1.466593468365308128e-01
9.804418207229942395e-01;2.335479625221161259e-01
5.766276523855493608e-01;-5.439683994264892242e-01
2.625468929542048024e-01;9.272421477758585606e-01
-8.249164804545296992e-01;6.382909588126716161e-01
1.100729095722283724e+00;-4.484602025830100036e-01
9.898765236596206440e-01;1.445938237072413868e-01
-4.826745020261516972e-01;1.022546096115071412e+00
6.026820755679485053e-01;6.488390741848825138e-01
9.109702299728351660e-01;5.282318747893770539e-01
2.732937506688570828e-03;2.073603357216496357e-01
-7.692432579164463213e-01;2.444406986894694933e-01
2.719318121434712854e-01;-1.903063964369547389e-01
7.224594146791099014e-01;7.236662674602843959e-01
1.116884502477233809e+00;-4.450427557521303146e-01
-6.796485269145491337e-01;9.895304258432580102e-01
1.792740714325956164e+00;1.098141420813452535e-02
5.760274827924789093e-02;8.094007660403594873e-01
1.518068736375622452e+00;-3.859513967897399422e-01
4.964351037266759858e-01;-3.673610702966803587e-01
9.601257196916077596e-01;3.037896253443458372e-01
3.639332199060900663e-01;9.194513702970820157e-01
-8.192353154559586237e-01;4.363528369857767597e-01
4.286572419719878457e-01;-1.859873144205692053e-01
-4.768349673097410646e-01;8.712117111760706578e-01
3.063830192438990463e-01;1.003834095778912250e+00
1.838987403257250852e+00;-2.075188008073221568e-01
-5.230403300685809720e-02;8.665269280829284160e-01
2.349741028988490410e-01;9.522541962271861005e-01
5.701828783097060427e-01;-3.360620100218826289e-01
-1.076571930763742690e+00;2.080892345255505038e-01
-5.127150650004472787e-01;9.553096662140360129e-01
-1.122392289979427416e+00;3.898970777903266183e-01
1.994901626552460394e+00;2.118429600984726990e-01
-6.629293187556750677e-02;1.048545014111557649e-01
1.136104920075215186e-01;-6.820417475838622123e-02
1.242254571373369254e+00;-4.444278012914110731e-01
2.037882659593715839e+00;1.982169428464321537e-01
1.128178532490638153e+00;-4.671745338219396859e-01
1.190593710318999188e+00;-4.290502418944291962e-01
-8.277681621609522811e-01;7.243191465910361893e-02
-4.421266386417225247e-01;9.020716073740377983e-01
-3.600517965413209676e-01;8.118455664684812723e-01
1.750684129490323038e-01;8.786023607857004203e-01
3.344879988262514092e-01;-2.480598132670335243e-01
2.222662590663791460e-01;1.029502477327828069e+00
6.698866991076002364e-01;5.915684264909897294e-01
-1.049255198062704064e-03;4.396824922328951279e-01
1.136208848983209174e+00;-4.753189981181450419e-01
-4.170219718964895406e-01;7.802146632852220431e-01
1.919953030953652995e+00;3.222356420974052393e-01
1.877221056961067891e+00;3.561483392449827368e-01
-7.246233282191398839e-01;8.989678653217748616e-01
1.294059756201832334e+00;-3.551046210356091914e-01
8.085697329235495001e-01;4.526753513926961570e-01
9.943516841292059372e-01;3.805211133635979515e-01
1.157945935055874065e+00;-5.495805174359058576e-01
-8.973055094327601067e-01;6.888878874241270989e-01
-5.778115414398632410e-01;6.451891887167918727e-01
1.697306839254693278e+00;-7.321864556888633968e-02
3.598301054099927732e-01;8.198767637620197890e-01
-1.398298257903976549e-01;1.254700450174846882e+00
-1.072222832288123318e+00;-3.983604600600414158e-02
-2.984511215205111201e-01;1.090636609534945123e+00
1.509218803816016807e+00;-4.523435716749036883e-01
3.287401681745496518e-01;8.897651973863892616e-01
1.777606941415736719e+00;-1.126134091059292214e-01
8.353963058880194970e-01;5.804995325330796208e-01
2.006751279070412952e+00;1.144168533341736599e-01
6.628727025940384099e-02;2.568444390130484867e-01
-1.127814178842031057e+00;3.137768491576145014e-01
1.975683533874603715e+00;3.125589993348583118e-01
-2.358959997372812867e-01;9.706986246435008736e-01
1.014171768493107972e+00;-3.869484455631982400e-01
1.078535890687216003e+00;-4.303317819103954500e-01
3.150799349171680697e-01;1.121603080020977972e+00
1.946244168543071140e+00;4.287125069562188751e-01
-1.912115539893117222e-01;1.078897574541474835e+00
1.964084108940372664e+00;4.992697781017809699e-01
-3.064952859189794543e-01;9.100532209584887289e-01
8.753408450570272503e-01;-3.922945003818516518e-01
-9.257973012244644639e-01;4.085896319291384970e-01
2.022873350824347660e-01;-8.482446031880400139e-02
1.858896917922642000e+00;4.323605087994721735e-02
-5.400068246352865975e-01;5.645524107577725159e-01
1.411262801323500460e+00;-5.507116617888834220e-01
2.008675736204536211e+00;2.318936082725671644e-01
3.828414235378372332e-01;9.640934629979103221e-01
2.002406691626873236e+00;1.068214856294273929e-01
1.364424049515025494e+00;-4.389955524966379641e-01
2.005548074518619828e+00;1.903151818001138640e-01
6.040519582750980554e-01;8.501776453488126828e-01
4.710199022097179000e-01;-5.025915568204016859e-01
2.166414407263112185e+00;2.951342017370047199e-01
9.382454651057905437e-01;-4.133728177157459660e-01
2.836117374903925348e-01;-5.431893765733851465e-02
1.239451187954746292e+00;-4.053194604011077784e-01
1.758396995369158722e+00;-3.934485030013403772e-01
2.091500949090840389e-01;9.578918823497997170e-01
5.272183086582982181e-01;-1.600716525789700750e-01
1.810108501639082768e+00;-1.211871044277308684e-01
2.068190973639759123e-01;7.947695389097222396e-01
1.052316492126949665e+00;-3.905599334242960130e-01
7.156314788355201406e-01;7.559590908015502153e-01
1.148037889071453210e-01;1.057440251952715293e+00
1.556128762227643181e-02;8.732620478768906569e-01
1.106645634798292921e+00;-4.257598981768356272e-01
1.328173147924841979e+00;-4.593128709849818025e-01
-7.367082375852493925e-01;4.677913334387460154e-01
-5.772168463928755155e-01;6.246168068395540063e-01
-9.714935333918061078e-01;2.182227354405696373e-01
8.727954703915640211e-01;-1.229138954612123830e-02
1.744735054797520446e+00;-9.595795218007072136e-02
4.848789369838821944e-02;2.586246479584360380e-01
6.418572426203567050e-02;1.646507614308908296e-01
9.556235259530211357e-01;2.319058047234348052e-01
3.971024897220684080e-01;-2.538375471503755421e-01
8.382116339998582077e-01;7.974667477653843983e-01
4.899807666538289613e-02;3.516278813637083722e-01
2.669716950001833067e-01;-3.402163808736785033e-01
1.073409296551279146e+00;-3.716977107961622062e-01
9.319877760200941941e-01;2.914730114077286327e-01
-1.024959201656156838e+00;2.709962976852384534e-02
1.070018342684492696e+00;-6.317857639978918805e-01
1.991400335109428932e-01;-4.076770611746523276e-02
2.852345979446120269e-02;2.033840568091821455e-01
7.622959420843923306e-01;-4.053049167419641718e-01
4.768997950113323392e-01;-3.735817119840688649e-01
4.615082962822699697e-01;8.267661186545954832e-01
-8.700545514989568296e-01;3.125379485922015199e-01
-8.463584174700619078e-01;4.046482827917413094e-01
8.468704944725033990e-01;5.116675425774179775e-01
-9.916036466610389510e-02;3.376495423204595170e-01
-1.167578335263993683e+00;2.705379696035117298e-01
1.028091026570016497e+00;-3.709693302488984434e-01
1.744799610290317826e+00;-1.400112189833956078e-02
7.728033013342733293e-01;6.460310087737382023e-01
-7.361934724149066245e-01;8.448987591369514494e-01
2.653956533693510589e-02;1.724524726619291459e-01
-4.661137978140648674e-01;8.997226121823759248e-01
8.928686521795348163e-01;6.072614440340164954e-01
-9.613677683992967182e-01;-5.116470797122116276e-03
9.822033572450282746e-01;2.458167568406586373e-02
5.114212431241910856e-02;2.372796111226930793e-01
7.663413024365171022e-01;4.957105351899063206e-01
1.090911340025353671e-01;1.549425900343760765e-01
-2.613089574370555113e-01;9.639013248669520140e-01
-1.107995213523055300e+00;2.277031732725041113e-01
6.274059177965635170e-01;-5.115775429762146054e-01
1.651211143534281778e+00;-1.847702646993226727e-01
-4.143406350281005901e-01;9.493747250609857469e-01
1.588539160568442021e+00;-2.228034215735373302e-01
1.415110287973883718e+00;-5.434210419945233461e-01
1.458009526716777526e-01;2.099366008492531965e-01
1.923789575030506072e+00;-1.253169066323130965e-01
4.250544944363701116e-01;-2.980058857469060629e-01
8.927396315144918715e-01;-5.316392433475093382e-01
1.713129612704373583e+00;-2.052101531840544446e-01
-1.879565834840163652e-01;9.184271120928904075e-01
1.298833361453539004e+00;-4.192555672579435511e-01
1.863130994786180494e+00;3.816699751440761346e-01
-1.932519290572725090e-01;8.709194935918027625e-01
2.117001438748862541e-01;9.876531062471261002e-01
1.622110728210722108e+00;-2.667535384681081756e-01
3.527286830329061651e-01;1.065593524281523097e+00
6.128652053288653478e-01;6.936195780374577735e-01
8.645136760205456017e-02;1.008755786637048013e+00
-1.620166625973685215e-01;1.040947795316893298e+00
7.055113190566741910e-01;6.813380357183318470e-01
9.609779823450270708e-02;7.988583250159764226e-02
-3.851817575583521558e-01;8.551833500104004671e-01
1.931944608880862502e+00;-1.301921193957245593e-01
2.004294501089364022e+00;3.391207796261886537e-02
1.882279142898597435e+00;2.918496327342698371e-01
1.440575238531410340e+00;-3.998238772574446154e-01
1.207445256559708024e+00;-3.902419866282895722e-01
6.932575125462392407e-02;3.753920887101745985e-01
-6.209028217385170745e-01;5.921307288047570339e-01
4.410907808310733369e-01;-2.152175506510047853e-01
-4.150327009437707049e-01;1.021119193755299470e+00
-8.444198600011222355e-01;3.795646982669798053e-01
-8.240787736464707525e-01;4.680619809282564048e-01
1.247802907042833143e-01;9.786958686283701025e-01
-1.145422883958014504e+00;2.282036424780144457e-01
7.728556811557559802e-01;-6.288157288190570071e-01
-4.920847141048574902e-01;1.010468773626953309e+00
-8.534343539811450885e-01;5.191045943113655747e-01
-5.608802681280775637e-01;7.862347933769727737e-01
1.900423190535972251e-01;-2.102114748587617099e-01
-9.727196524315615545e-01;1.917737911087282476e-01
-1.075548621771708901e-01;4.222611710249019046e-02
7.512265093053609455e-01;4.576030098009460922e-01
1.068394045738423559e+00;2.151340270651773412e-01
7.857370684322565468e-01;-4.503831552482788214e-01
6.918504121633223258e-01;8.065638076755206054e-01
-7.714662097080942083e-01;7.181876919109694279e-01
2.393184375221794613e-01;9.391625802126588596e-01
-8.121068311735561360e-03;4.117775580899153964e-01
-8.504232737427858124e-01;2.917375631944606473e-01
1.106103493467592951e-02;4.075916708064986071e-01
6.164326660925348866e-01;1.088481555898508812e+00
8.192482587755164358e-01;-4.745012769812375075e-01
1.021909811732421014e-01;2.033347410413205436e-02
-1.059391364224784526e+00;2.363094142696066935e-01
-6.559374357554497159e-01;8.934047291690023762e-01
1.957193339270384191e+00;4.323714318410181168e-01
-5.894981682320507010e-01;8.170625697552811317e-01
9.406383594923235503e-01;5.719382916113759929e-01
-5.217492399128061814e-02;2.566979669547688192e-01
5.942938155681166679e-01;7.765701567593275012e-01
7.045913568811414951e-01;4.847248670569169748e-01
2.007472723797862624e-01;-7.637072490213989151e-02
2.008873029622476380e+00;3.824400603756776540e-02
-1.474951610661031642e-01;1.126383066327625082e+00
-7.952747437120895324e-02;1.120548774004539005e+00
1.751836097376222035e-02;3.953014181321321679e-02
-5.222091626318470237e-01;9.319633045428445950e-01
2.806454310579464123e-02;1.187717850094510696e+00
-9.167882225383661154e-01;4.692217282464619110e-01
1.855503042933450475e+00;-1.422831920405682460e-01
1.494016946300792403e+00;-4.081501476695724717e-01
-4.208701348799027131e-01;1.147889583625825383e+00
1.577787437437673246e-01;9.184533349953286629e-01
1.035352203843753260e+00;-1.114574534122390187e-02
2.003910475239373490e+00;3.645124447843565152e-01
1.351878769448584539e+00;-7.260044070493029134e-01
1.246148690965384609e-01;9.320897120919982015e-01
-6.588099454888424189e-01;8.500584401003400403e-01
3.863138414473675786e-01;-1.527238146716741463e-01
7.551451603627326037e-01;3.330856538930044852e-01
1.296954317484678709e+00;-3.146331926944076485e-01
-1.151933509910020165e-01;1.059319889868141296e+00
1.036942358785052809e+00;1.549660686573150759e-01
1.899820553759120179e+00;3.873358677634859970e-01
1.742572321046226280e+00;-1.174718333292896905e-01
2.861989484074249357e-01;1.853697035186510286e-02
-1.043656056409744959e-01;3.317138968770574348e-01
2.733046419903278901e-01;-3.212739208154419268e-02
1.558165395289359711e+00;-2.711039598160206454e-01
8.812483952563587852e-01;3.548585965243329365e-01
1.458614197534949586e+00;-5.238908265391915009e-01
7.272074785405351349e-01;9.447706453189230746e-01
-9.681237522682730745e-01;3.198208290881701665e-01
1.545029220970283390e+00;-4.110015823232549548e-01
-6.009910426010087736e-01;6.673042857178755893e-01
-3.142007146326200040e-01;8.298064324437370853e-01
-6.643427568953610418e-01;7.577021239167249789e-01
1.911405185992377520e+00;-2.465444255204510826e-01
4.226395761992531031e-02;9.689799760251855965e-01
3.710581220511893208e-01;-3.711420185912936431e-01
5.440377017183258834e-01;9.682787514042756616e-01
1.470131802996452186e-01;9.734839832862235420e-01
1.861374234899182412e-02;1.033763053653655062e+00
7.568615688798751018e-01;5.470859672275105723e-01
8.133227592814962215e-01;6.223139977139567902e-01
1.921286161304738949e+00;3.173694025880266500e-01
9.079320294319266349e-01;-5.949255821368854003e-01
-1.010754831553114519e+00;7.129084709412879528e-01
8.012416684162622094e-01;-3.753247832947662621e-01
-4.153121995679132095e-03;9.730853634086500392e-01
1.561968030308873434e-01;1.665473804378309608e-01
2.407499422481270135e-01;-2.293657597356900946e-01
3.798119231869428458e-01;1.097353956552653276e-02
6.959715297003432610e-02;3.418472668874079912e-03
8.885586955030453371e-01;5.632234585611931577e-01
1.280986751866550477e-01;4.486361931562894978e-01
-6.839470434607366478e-01;7.111882511150728892e-01
1.994530563043777960e+00;2.478889342105489724e-01
1.043896869451518494e+00;-5.335108947890936371e-01
1.776850974399226901e+00;-8.373991062358010495e-02
9.659508807207425329e-01;9.597860989218193195e-02
-4.640608188056267736e-01;7.828915513326285547e-01
2.140439653251596130e+00;3.595769494523628484e-01
1.810053993206119927e-01;9.498757328336288053e-01
1.360544663786675268e-01;4.730693979056619924e-01
-2.883005271645718848e-01;1.010362543047221173e+00
1.645703746339384210e+00;-9.498543898977182542e-02
1.371401568867843146e+00;-6.159686670538525588e-01
1.237857609627317501e+00;-4.351472922168934110e-01
4.821904883923219809e-02;1.016240792349930810e+00
1.183360257565296836e+00;-4.311551249382127859e-01
1.938230211171979800e+00;1.970399872156049226e-01
-1.029486914541244691e-01;1.153437974547368405e+00
2.080523982314972375e+00;1.829570305932040897e-01
1.305889873359419862e-01;-4.085401460397823648e-02
-6.680972270728586793e-01;6.426388150040464042e-01
1.721400326151776738e+00;2.762802108520451272e-01
1.102181261449772798e+00;-3.814603943453664936e-01
1.084246430926811389e+00;-3.979409885268028191e-01
5.851785076040171285e-01;-5.001543836349701122e-01
3.471028295495831029e-01;8.412212522402774395e-01
-9.605544002676974502e-01;6.983725707547294714e-02
3.012497600367495254e-01;1.920754479736257736e-01
-1.051902342372158738e+00;5.649284133371627048e-01
9.441361619113949333e-01;-6.128180653082514473e-01
-8.333910214237216785e-01;5.510330440003027297e-01
1.082367997087422123e-01;1.122836566380359669e-01
9.606344546546818908e-01;-4.649411847947284016e-01
8.421970225166127699e-01;5.121763449268645907e-01
6.694655126211230822e-01;5.240840247978528765e-01
1.346570199806346735e-01;-3.029472964853719974e-01
1.778087578885701570e+00;-5.242832568141717053e-03
1.020102582991782025e+00;3.313633740969791908e-01
1.501180404974324922e+00;-4.852642920646693669e-01
5.235627989910954794e-01;-2.653337246548246320e-01
5.211931881933107302e-01;9.990939202851436551e-01
4.700159092489661905e-01;7.526233704326716900e-01
-6.550968459300818836e-01;6.855580652767641059e-01
5.525201671927676417e-01;-4.594717888561253849e-01
3.614892994178148938e-02;9.714315258933672315e-01
1.019400713098553179e+00;-4.300940128292619069e-01
1.142008436302287322e+00;-4.637816084613023415e-01
1.495870769443563564e+00;-2.758980597127997370e-01
6.863908352503957921e-01;6.930960610440464187e-01
9.915561756212798450e-01;5.715396298727577484e-01
2.049260997876338752e+00;4.389093077877210258e-01
1.782605376700799216e+00;1.431474370894483539e-01
-8.268197075534472473e-03;8.004270182352770657e-01
-6.174156362728585590e-01;4.450193005441495098e-01
1.011700215153842120e+00;2.836756104818796698e-01
1.970250081584158153e+00;3.914749412079752133e-01
-2.154530880994841996e-02;5.235825622827321446e-01
1.745093322657419455e+00;-3.249478393952923705e-01
9.111097580975922039e-01;3.530670167932095649e-01
1.607679196746257533e-01;-1.759973212238263862e-01
-4.743258752610173684e-02;9.512738584649663709e-01
7.710676158140448155e-01;2.574069654099468973e-01
1.575188680116839990e+00;-2.394160987503197724e-01
4.330389991785482673e-02;1.469258163647959026e-01
1.641056739914083407e+00;-1.082659516027168478e-01
-1.033374718146664373e+00;2.532028824319770832e-01
-1.333476837980397678e-02;1.458161952192431887e-01
-1.938880028523897736e-01;1.001841078183174805e+00
1.160386686467534262e-01;3.205243405304606941e-01
1.340718007838593850e-01;2.217415150516157674e-01
5.802112922545357709e-03;7.601317307460547790e-02
-7.416983374950505414e-01;8.144891639003639661e-01
-3.864229230161267958e-01;8.194952274883733345e-01
1.021870236147028210e+00;1.731887497669979403e-01
-9.607074544050763221e-01;5.733069311375257326e-01
-8.883345865021494703e-01;3.484653024872344518e-01
7.106364485887646243e-01;3.944399734879819874e-01
6.607447534832973091e-01;-3.419593245885489408e-01
1.852200141610196749e+00;2.814751820820249328e-01
3.826767756827471612e-01;-1.277646235080820425e-02
3.005038244189356389e-02;4.657610268094219963e-02
7.833921163423150924e-01;5.507337827588513202e-01
1.602439574325531302e+00;-4.175654231779590275e-01
2.013945697676824964e-01;-1.275768449838082241e-01
3.618095907888105311e-02;1.135952322225090239e+00
1.969697482207593220e+00;5.196038994602523164e-01
-9.564487374905241701e-01;1.712666827827892257e-01
-8.093355723050560391e-01;5.341575683352298709e-01
-9.837820768975926722e-01;4.188079429328301490e-02
5.946676478688355250e-01;7.060206940328845882e-01
-8.265865153559083245e-01;4.616333425345712782e-01
9.555765831703640079e-02;-5.547377552509032139e-02
9.906903594581827344e-01;2.354903421520702922e-01
6.586185904673014235e-02;1.052345318119129347e+00
2.595122075484766477e-01;-1.716236514321055617e-01
-6.930026224045434668e-01;5.998911080491093895e-01
8.548561633461166931e-01;5.756203419619110306e-01
2.923302501470002590e-01;1.933080976590201283e-03
6.271468624081860677e-02;4.923766661248475673e-02
1.752742213367119439e-01;1.132633664969701748e+00
2.909714294089766340e-01;1.002752958815112283e+00
-7.676728382520676686e-01;6.309635028901550147e-01
1.145096995441263338e-01;2.316107932579456741e-01
1.469164884016653794e+00;-3.781629271039185225e-01
4.934852913909328898e-01;1.067058352119288234e+00
5.173685454846255194e-03;1.026188189164826792e+00
7.180857303870257224e-01;5.359396723702060106e-01
9.999666622900589275e-01;-9.872011905968033907e-02
2.154792059955842887e-01;2.627769013090239247e-01
4.026451742175393145e-01;-3.788487658035933348e-01
1.461728973363336737e+00;-3.273158807047795160e-01
-9.058867072488345773e-01;3.486798790546907223e-01
6.087552350402171131e-01;9.895849149463067373e-01
-5.605492599953987298e-01;9.168350369261870636e-01
7.044291443326858859e-01;7.348812593337671339e-01
4.249764086829762033e-01;-4.311691534922521551e-01
1.510855379012298272e+00;-2.575881053239584828e-01
9.918153410585300866e-01;-5.880215702670182898e-01
6.521565295397564466e-01;-3.761941811069222097e-01
1.986161950962795020e+00;1.865775466247204806e-01
1.020575918706813745e+00;1.649707446205031236e-01
9.047782875093245136e-02;9.194500170391046723e-01
1.865670565046093632e+00;-1.654214286343643758e-01
5.596969075497286450e-02;3.723453621023375959e-01
2.459685509403256309e-01;-9.354403966019228522e-02
7.824799231094713148e-02;2.737936066244392452e-01
7.349607412929893835e-01;-3.465781649684803734e-01
2.029139402298814066e+00;3.118362147468888290e-01
5.254229254047791953e-01;8.807261729208253342e-01
9.650227288519988011e-01;3.314870193229755846e-01
3.406158734179272063e-01;8.205419840989559566e-01
8.055041889907089969e-02;9.225847802179404367e-02
3.156631576396380923e-01;-2.058543054765480662e-01
9.135425023221275254e-01;-6.745306831470140874e-02
2.978392353363138456e-01;7.407545110639678354e-01
7.479954120947139851e-01;8.120843855028127001e-01
5.205141203924856796e-01;-3.531236214938899276e-01
-3.894943978320316025e-01;1.125119072646147300e+00
-2.023792731107634107e-02;6.429426734297749579e-01
8.079169228166073191e-01;6.314341660226217012e-01
-6.903853931673613609e-01;7.682773132249441916e-01
-8.371709758154809444e-01;4.685020817621218248e-01
-1.041396071066454043e+00;2.553896609274588503e-01
1.106373133944799220e-01;1.053908089471344178e+00
7.961997499682111901e-01;5.279340390804434513e-01
2.680369314547487170e-03;2.957708439986952431e-01
5.263923217256532006e-01;8.610537700038971565e-01
5.650487066925271584e-01;-3.903047663315638016e-01
1.901262229101658319e+00;-1.790224180965911127e-01
1.901091923757530111e+00;5.139407874494975048e-03
1.633169131651594164e+00;-1.012469746046052860e-01
9.623599245129366153e-01;-4.274544621180538240e-01
4.120666182295896207e-01;8.047700612147732357e-01
1.521412278633388793e+00;-4.813293950654455866e-01
5.751912043511654415e-01;-3.438884991848422112e-01
1.158951591237600054e+00;-6.165123056630765763e-01
9.908289341073447387e-01;-3.182594437454599468e-01
4.601375409407061357e-01;-4.431631485198581633e-01
-6.332617889411559786e-02;5.955523822761313868e-01
1.864626528901254909e+00;-4.662581443927336922e-02
7.421116356934873703e-01;4.181887555605128259e-01
1.224216209260335253e+00;-5.692181416220443158e-01
-4.050461359779841675e-02;2.631678672857841184e-01
7.814938273258750234e-01;-4.191783142031172416e-01
-7.541902622531529432e-02;3.491000031496687139e-01
1.983346621744468408e+00;-4.095413137449804841e-02
1.069345416739577503e+00;-4.126866726267911512e-01
2.189930574823383269e-01;-3.102525379580406972e-01
-8.070935887171989398e-01;6.338790767895378098e-01
-1.012778125149913055e+00;1.013019366010458888e-01
1.870672463309012601e+00;-2.182851212630549931e-01
3.451609129108403895e-01;-1.674128124967523001e-01
1.018048649243411763e+00;1.457548150714602642e-01
8.270455540248633497e-02;2.687441496924849460e-01
1.838813782024333543e+00;5.199148696037543538e-02
1.888831205929041579e-01;-3.201431927648242248e-01
6.884920129210091444e-01;6.167418163287876620e-01
6.364056293813189491e-01;7.711935163382650504e-01
-8.113492025177798661e-01;6.097498328072600282e-01
2.031608646059301471e+00;1.539888072219386117e-01
4.551596636893853742e-01;-3.472565203224417529e-02
8.944818779750045579e-01;3.917691696234424925e-01
5.688864005794956880e-01;-3.684930699366165130e-01
1.733512197324794668e+00;-8.076182916258430045e-02
-1.019926660760379189e+00;5.048757087087439865e-01
-5.008340340238726096e-01;8.752186407794114720e-01
1.981957406931533772e-02;-2.408422886689190467e-02
-3.090881513566189343e-01;9.476718447443049920e-01
-9.982265079498595650e-01;-2.839927195022339326e-03
-9.863883534754083193e-01;6.180252276572180126e-01
6.247036424941034838e-01;8.562598458396778467e-01
-7.663272881664215941e-01;3.863780629411738832e-01
1.832176487253023289e+00;6.870079530310849170e-02
1.145803246781171847e+00;-2.961413440725875479e-03
1.124026110198515394e+00;-5.385316667252515455e-01
8.076085370923556939e-01;-6.276116254500567759e-01
1.986208673416269388e+00;3.934015042675982343e-01
-1.967994393355885774e-01;9.393703571886321546e-01
9.915641075742034349e-01;-4.487362399052150508e-01
1.726273202292603504e+00;-1.646792030184531797e-01
2.013759257062665231e+00;1.147336684278835728e-01
5.950400094950494267e-01;8.035753808962010636e-01
-9.270268817921399895e-01;3.953918960414317674e-01
4.323822865533054061e-01;-1.108245287827974157e-01
1.521820121196032216e-01;1.189295252781824019e-01
1.667623189723439481e-01;9.066611387834008218e-01
1.108952595605501718e-01;3.073824401753378899e-01
1.764202614759138532e+00;-3.193687849776567500e-01
1.011842334422255130e+00;3.583024769599582604e-02
1.025405253854815291e+00;1.113143576474794616e-01
1.294887075198284387e+00;-4.642310988733083232e-01
-9.254676552719685034e-01;1.745711790921139484e-01
-1.089941898258414588e+00;7.381934757627953148e-03
7.108743526961180947e-01;-4.873359766049717434e-01
1.022465480411112848e+00;-3.979051443558243584e-01
9.797127254210638014e-01;2.133313337721505776e-01
-4.308686195836264332e-02;1.096537746031043259e+00
-9.148651147690368690e-01;6.049507832307947641e-01
1.999685310025154927e-01;2.977092459815208064e-02
-5.309306891827142438e-01;9.738568683307913254e-01
9.956662158121225570e-01;1.006855572798345810e-01
6.468894532945528297e-01;9.597280480594605478e-01
4.617415347548558535e-01;7.962220393886019210e-01
-8.424725922624503038e-01;4.699454353782963612e-01
6.085819287339655492e-01;-3.703177294585511259e-01
3.279432354366146329e-02;2.618115550860461438e-02
-3.888170638543386737e-02;9.623829838605477693e-01
-8.239342778358335062e-01;3.183276394437202228e-01
6.103143020624499787e-02;2.660875247236768049e-01
-8.080111232707016811e-01;4.981281602441798295e-01
1.532939941624932523e+00;-4.494469922923585159e-01
-3.172284541630256138e-02;1.032057976090434925e+00
8.595391107553461696e-01;-3.559472313809334265e-01
5.674282616257030065e-02;-5.883919760314249014e-02
-3.875767891316790337e-01;9.765230970276881362e-01
3.410289708524534280e-01;-1.223812752607210674e-01
1.999169547113424983e+00;-1.728363979503478864e-01
1.777203510282704402e+00;-6.466649524590412090e-02
1.416630659524280578e-01;5.566769822634076714e-01
2.518324628034390167e-01;9.128700309095429954e-01
1.714175799502677844e+00;-2.770438853090165798e-01
1.865316876860457773e+00;-2.866517242781124741e-01
1.120584918113856965e+00;7.403407862102092674e-01
1.792298109358544611e+00;-1.163068094503539734e-01
1.313452601653294360e+00;-6.142967044264442400e-01
-9.503833311452070109e-01;-3.065249794329877320e-02
1.927111835365120651e+00;-9.339985629331734596e-03
1.936981974149208252e+00;4.212739762986702358e-02
2.173671096351261323e+00;3.289156490881852690e-01
-5.176823079081664947e-01;1.051257892329643395e+00
3.678817730007954978e-01;8.928181660516316676e-01
-7.098426176534686771e-01;6.856155968358543795e-01
1.858505571592718120e+00;2.168764470254027632e-01
8.194333543975040879e-01;6.078299449018131906e-01
9.399523873112126671e-01;4.858675454581281583e-01
6.385803052456479056e-01;7.933615347547453567e-01
1.074247933394777199e+00;5.158279450205034422e-01
2.804944309133278191e-02;9.587417484291936853e-01
1.057136295185690140e-02;5.463986075461007008e-01
1.714162145332193132e+00;-2.110883412791593194e-01
1.809530259554512188e+00;-1.381182192040354972e-01
6.015054736621159304e-01;-4.535416794383052008e-01
1.228887194907489988e+00;-4.803835202605219457e-01
9.478849773550300506e-02;1.053174035519399032e+00
1.842945368776308435e+00;1.550482275642031671e-01
9.347101850354241348e-01;4.417989017402641494e-01
-4.525996486753700032e-02;1.137629785142601602e+00
1.392410436217959013e+00;-4.515163906219555323e-01
-2.695535277427164034e-01;9.712145909001360655e-01
5.444853016715415217e-01;7.957745615880746914e-01
1.584993450820448180e+00;-3.053200318280096526e-01
1.610378366520676563e+00;-1.805393856013293719e-01
-9.208204438622008547e-01;3.078376359977938459e-01
-8.625487245218081966e-01;6.717992002683236263e-01
8.446287044951641398e-01;4.852088465045713561e-01
9.496541606081370102e-01;-4.656804294796852983e-01
3.194950566667510428e-01;-3.993456266925529685e-02
6.680350829171206595e-01;-4.648554857496435266e-01
1.461137059084932854e+00;-2.534134567813825512e-01
7.357754875697725128e-02;1.195410588868654145e+00
1.561291743395338605e+00;-4.890056650625933532e-01
2.018839864888659186e+00;1.770448950176223002e-01
-9.114497446611364850e-01;2.591445149913358947e-01
-7.452228827333197414e-02;1.902411097508013293e-01
-2.706468135855507606e-01;1.013063373905988440e+00
1.250956719537775541e+00;-3.920208398144816586e-01
-5.661641047135965721e-01;7.904763081230786748e-01
1.776832825378474867e+00;-1.631354501126872913e-01
-9.373927202448414375e-01;1.436992688490602021e-01
5.652542559117260668e-01;8.214775960798081922e-01
5.434079986877128343e-01;-4.060581798541592624e-01
6.397782947972945333e-01;7.101111458469804294e-01
-6.346165734995196095e-01;6.776463304937144772e-01
1.081069634145756186e+00;-5.204283397135737177e-01
9.854293441919254048e-01;3.392153719034113890e-01
-7.692041756812735276e-01;3.710885485110430038e-01
-9.965760372874145068e-01;3.826764783557010108e-01
6.406636122097032482e-01;-2.846784856030373234e-01
2.086726882079221301e+00;2.715868015465618401e-01
2.207355991474196089e-01;1.108270861045509426e+00
1.027064685005989686e+00;3.049090584388081115e-01
2.022591694005891672e+00;4.233723705629653389e-01
1.567160329499773797e+00;-3.193107676249934967e-01
1.881406357203300850e+00;4.472806578252212506e-01
1.776451049406984062e+00;9.013391345109138253e-02
1.030163080680778220e-01;1.083325019446139015e+00
6.311613759817068514e-01;-4.396377924607599574e-01
5.571913305128470828e-01;-3.666192797865124309e-01
1.433385922385430056e-01;1.009455197550523653e-01
1.926783181625290720e+00;1.971036971475395305e-01
1.067943834281585236e+00;3.407377040190336936e-01
-1.131146824491622294e+00;1.260407101425779774e-01
-4.748477212225517274e-02;9.075693831189158844e-01
-4.316604516926684232e-01;9.079040233942832216e-01
1.946897968803296353e+00;3.333887165537022246e-01
8.509123302209595785e-01;-4.839063640115116027e-01
1.199956119246863961e+00;-4.015377579725181723e-01
3.633731160310517683e-01;-3.019528646705996744e-01
1.471412538378495505e+00;-4.591969518872850431e-01
-1.119728268044177799e+00;1.429445798792859379e-01
6.384053240123130912e-01;8.449615051881718131e-01
1.412391844304614619e+00;-5.804204002360400239e-01
4.051469080259348376e-01;-2.353314610541124008e-01
-9.658904202502320846e-01;4.214407701888485680e-01
1.926563710689573661e+00;-1.131204015629908716e-01
6.051416758219567704e-01;7.940515035299129387e-01
1.942193928375058887e+00;1.365098857478709293e-01
7.903863463163299796e-01;6.039711887096378407e-01
1.152549996694709478e+00;-5.021490491490393504e-01
1.423222133325319660e+00;-4.766898413821407110e-01
1.064334512893259532e+00;1.603012770402775233e-01
3.234062081244439835e-01;1.054314553120587972e+00
9.487907294195047081e-01;1.367160267311560151e-01
7.754384005271492963e-01;4.944085228330784565e-01
2.900562103258366164e-01;8.933894406490263673e-01
2.170857953287361197e-01;9.661043925256078690e-01
7.378377598992474917e-01;7.881621577113653299e-01
3.492436403599150641e-01;9.033376675203367290e-01
-3.535719075209355078e-02;2.699354099302643251e-01
1.068557865582055566e+00;-4.087703586222107832e-01
2.590222092046883251e-01;-2.941632812268374919e-01
-6.238100049304371453e-01;7.855730542014424111e-01
-8.217049520730994594e-01;4.966083289785026000e-01
-7.742619170582831778e-02;1.142012663029586816e-01
-4.126540707500594429e-01;8.613877873401478702e-01
-9.440767259841815751e-01;5.110147096111785636e-01
-8.485062303857948685e-01;6.889490889914469118e-01
6.547881059509200741e-01;-5.295596739399831554e-01
7.843843202750766519e-02;1.074977657338730130e-01
8.137495795954347022e-01;-4.612805486983578285e-01
9.990754346706942624e-01;-5.048515543688191221e-01
4.245136088456038514e-01;1.043571400730728627e+00
-7.645487362211464966e-01;1.285875691088190706e-02
4.882804005530341218e-01;-3.214952358945272759e-01
6.130428780536425482e-01;6.070578776541086796e-01
3.004957680945272713e-01;-1.955221192851379908e-01
1.660190136186761700e+00;-1.247135476640903046e-01
1.650337947741246314e+00;-1.601376193229341605e-01
1.816852737000792084e+00;-2.130090663492753833e-01
-6.203456338723005725e-01;8.832678835098098924e-01
-2.557997596369455673e-01;1.023297776378507606e+00
1.875295725845587347e+00;3.747733516086619310e-01
5.467371198689371381e-01;9.201378884552603443e-01
1.731857107013108577e+00;-1.795988048087596850e-02
1.203480453026795072e+00;-4.582689023553980778e-01
-7.619952751418168635e-01;4.874451417357364424e-01
4.372945766846971782e-01;-2.376423397802466531e-01
1.519580705083168226e+00;-4.526703880938293123e-01
-4.218158640007774740e-01;8.437692276813328895e-01
8.704875412260897338e-01;3.110136378559879011e-01
1.810563215716162189e-01;-9.798553830526837705e-02
-5.321609281699397204e-02;8.603429157066649902e-01
2.010599235363380366e+00;4.553200379049444635e-01
-4.183839010056850105e-01;8.147727868626457592e-01
2.057528953161996466e+00;2.607134160957877977e-01
-8.134048108577074387e-01;4.954101848046881251e-01
-4.783880578647273230e-01;7.740221227055995579e-01
1.876937422980673231e+00;4.044912773648343673e-01
-6.468489265089968354e-01;7.557063622713237061e-01
-5.030217456857445368e-01;7.987861487731080512e-01
1.084996357491887498e+00;-5.717377941416574849e-01
2.255288156233307972e-01;-3.591476446826319946e-01
-1.969578328172091330e-01;1.119001441037271061e+00
-5.356816666939026028e-01;6.943855846799074083e-01
2.894412678889811685e-01;-1.073642767434172252e-01
-8.240834007108192028e-01;4.743251716641022631e-01
4.243108703319250496e-01;-3.225934123550570076e-01
1.166188586721734755e+00;-4.153390202851434676e-01
-6.160714048236806129e-01;6.113485793847953653e-01
-7.908142346089355179e-01;6.292916765686905611e-01
-1.022791427406507969e+00;3.780118566348290576e-01
1.396602479098232541e+00;-3.925024378693867111e-01
-5.347823480114857198e-01;9.512049136126804472e-01
1.533460477736771743e+00;-2.955870884793235231e-01
4.613516765111508877e-01;-4.623720976026758356e-01
3.854892880347533524e-01;8.491055550736416047e-01
7.150057890146919171e-01;6.265722619564949580e-01
2.390583214698420722e-01;-1.471066470995857633e-01
-9.267244971933970010e-01;2.574051736890322073e-01
8.602562844938393960e-01;5.880333911435600136e-01
8.080756912635427280e-01;6.987852462076068472e-01
-7.190724581087696299e-01;7.207426382576573864e-01
-1.018254397516996868e+00;-8.394128737351816416e-02
7.913455422077946000e-02;2.814629651395510468e-01
2.056149421814269740e+00;3.843060290257778178e-01
4.488870835737802656e-01;-4.442218515137303925e-01
1.787564605075711688e+00;5.783901134853736137e-02
3.256329692942903087e-01;1.000546869646239845e+00
-8.584903554212967025e-01;4.274065911249692595e-01
1.766468896816100198e+00;-1.046029959737061199e-01
-7.130393419660291388e-01;7.028030591437447461e-01
1.917691334548178084e+00;5.412217898452240661e-01
1.211347654749334479e+00;-4.527478972617440811e-01
-1.101674726768647472e-01;6.443799729402224785e-02
1.616533154644329562e+00;-2.988582191910870711e-01
-1.058995200388378910e+00;3.771849707769934779e-01
-4.902273534904997287e-01;7.936243050262756782e-01
-4.033214897702527280e-01;8.586524772234315206e-01
-9.935086835907991354e-01;9.439344421939681318e-02
3.132991329351259013e-01;9.842504631793680403e-01
3.003445496558782013e-01;8.869935950708852657e-01
7.401195891497860391e-01;6.679290390130414590e-01
3.761980310643575076e-01;-2.922912139846631230e-01
3.444819319925427892e-01;1.121718770607035065e+00
-1.960716034371493555e-01;1.118235807574538221e+00
1.669227317144638123e-01;1.921049642227884435e-01
-1.015239555287617002e+00;1.878577980133626646e-01
-9.082942457242801915e-01;4.715266435106001408e-01
-9.355444459334896212e-01;1.115218837008046526e-01
1.038569349576455858e+00;8.402127594756700346e-02
1.789259842809547973e-01;1.043878815154102024e-02
1.417567858035599482e+00;-1.260496709075829558e-01
9.079753991575658656e-01;-4.792258503943104819e-01
6.023063043775421788e-01;-4.546803092654120859e-01
-4.005726008810372996e-01;9.303619089135025666e-01
1.475983547145896857e+00;-4.667710681854212451e-01
6.750177101896066567e-01;7.414319984458824786e-01
1.188168265639015786e+00;-3.570825141509987866e-01
1.705801803353942603e+00;-8.501082828506653644e-02
1.215690758660371573e+00;-5.099471429996044192e-01
-9.429881736312943907e-01;-7.448598178382434543e-02
4.500592663439651475e-01;6.936277715086426321e-01
-1.045635230171513719e+00;5.271034718969690447e-01
2.896760302247156083e-02;-9.969551759030957638e-02
-6.232812723596160565e-01;8.281099531201117081e-01
1.829044281834825814e+00;8.431782626487013821e-03
8.841390765135013208e-01;-4.454598933029084162e-01
2.776877211058318418e-01;-2.206559039111843090e-01
5.679135902309828676e-01;-3.711496919175296672e-01
6.553927798227925094e-02;1.107638769624547326e+00
8.700544832573633425e-01;2.220457712605824474e-01
6.945494089925807746e-01;6.135435532842611339e-01
-1.790958488734083198e-01;9.276406244075031948e-02
9.913882171719362590e-01;2.866706402797094544e-01
-5.632559385729836166e-01;7.420338603473948247e-01
4.363114778219517875e-02;9.492100705065519006e-02
7.850643156378984966e-02;5.065755314371802598e-01
1.947314252351506347e+00;2.188289057902396140e-01
1.886768516674373619e-01;1.035766119830749066e+00
2.037870632399003235e+00;3.168652106347127351e-01
3.162182387835639208e-01;-7.754940995561399042e-03
-7.804000608472435596e-01;4.065467557756300421e-01
3.938881502365307874e-01;7.392323086920378206e-01
3.258539699092709574e-01;-9.487146864853419903e-02
1.634571083079940701e+00;-3.345647907460541637e-01
2.013459039233838954e+00;3.389692486104490254e-01
4.308458820390246302e-01;8.732686129207835046e-01
7.945491957445347531e-01;-4.187100224819632066e-01
3.415751350034270661e-01;-2.697830504604229462e-01
1.449353839372021113e+00;-2.721856756689580714e-01
1.881052981069561758e+00;-2.414020821110487991e-01
2.905911151456974650e-01;-3.948947047802474075e-01
1.265033291006989913e+00;-4.751091635666008228e-01
9.655165787462501870e-01;1.882945616843379188e-01
-4.151486373562335297e-01;9.189213994429187293e-01
-1.890201669676253027e-03;1.196896797609355578e-01
4.289743443726590777e-01;-2.581305969627171737e-01
1.784384908826295857e-01;2.196957384351461151e-01
1.885874828106315571e+00;3.055888977041131271e-01
8.113778874962039867e-01;-3.994320905930554555e-01
-1.110475435567631841e+00;1.163875747528990423e-01
-1.094830590213187321e-01;4.979987616454536470e-01
1.678782844833583976e+00;-2.541338134545513827e-01
4.766121031127501517e-01;-5.014220703328732265e-01
-9.937179917365520643e-01;1.771360983321569882e-01
1.923332372651962441e+00;-1.076605440057620267e-01
-0.0123;0.6922
-0.0123;0.7555
1;-0.15
1.016;-0.25289